k,val_accuracy,val_macro_f1,num_centroids
1,0.7216867469879518,0.7255911817694978,4
6,0.7108433734939759,0.714178080270399,24
4,0.708433734939759,0.7112015273892005,16
3,0.7024096385542169,0.7048144561394836,12
5,0.6987951807228916,0.7008276998993008,20
2,0.6927710843373494,0.6948905613687827,8
