k,val_accuracy,val_macro_f1,num_centroids
2,0.7014010507880911,0.6986231303890048,12
1,0.6996497373029772,0.6975239786072177,6
6,0.6926444833625219,0.686758432225385,36
5,0.6847635726795096,0.6770081893550263,30
3,0.680385288966725,0.6720771047115873,18
4,0.6777583187390543,0.6674173810499013,24
