k,val_accuracy,val_macro_f1,num_centroids
4,0.7086999022482894,0.7128581638775637,16
3,0.7028347996089932,0.706564514929449,12
6,0.6950146627565983,0.698953168767926,24
1,0.6823069403714564,0.6955818433568118,4
5,0.6871945259042033,0.6936819388862048,20
2,0.6871945259042033,0.6897812526013999,8
