k,val_accuracy,val_macro_f1,num_centroids
3,0.7455197132616488,0.7445657140344325,18
1,0.7401433691756273,0.7414810086498038,6
6,0.739247311827957,0.737913527815221,36
4,0.739247311827957,0.7375753952800644,24
5,0.7365591397849462,0.7350521896714141,30
2,0.732078853046595,0.73092832156096,12
