k,val_accuracy,val_macro_f1,num_centroids
1,0.9976190476190476,0.9976188822636493,7
2,0.9976190476190476,0.9976188822636493,14
3,0.9976190476190476,0.9976188822636493,21
4,0.9976190476190476,0.9976188822636493,28
5,0.9976190476190476,0.9976188822636493,35
6,0.9976190476190476,0.9976188822636493,42
